alisson@gmail.com;Alisson
a@mail.com;Alisson
a@mail.com;Alisson
a@mail.com;Alisson
a@mail.com;Alisson
a@mail.com;Alisson
a@mail.com;Alisson
alisosn@gmail.com;Alisson
alisosn@gmail.com;Alisson
alisosn@gmail.com;Alisson
alisosn@gmail.com;Alisson
alisosn@gmail.com;Alisson
alisosn@gmail.com;Alisson
alisosn@gmail.com;Alisson
alisosn@gmail.com;Alisson
alisosn@gmail.com;Alisson
alisosn@gmail.com;Alisson
alisosn@gmail.com;Alisson
alisosn@gmail.com;Alisson
alisosn@gmail.com;Alisson
alisosn@gmail.com;Alisson
alisosn@gmail.com;Alisson
alisosn@gmail.com;Alisson
a@gmail.com;A
b@gmail.com;B
d@gmail.com;D
c@gmail.com;C
A;aa@gmail.com
B;AAA@GMAIL.COM
ALISSON;alisson@gmaill.com
LARA;lara@gmail.com
A;aa@gmail.com
A;aa@gmail.com
A;aa@gmail.com
AA;aa@gmail.com
AA;aa@gmail.com
AA;aa@gmail.com
AA;aa@gmail.com
AA;aa@gmail.com
AA;aa@gmail.com
AA;aa@gmail.com
AA;aa@gmail.com
aa@gmail.com;AA
aa@gmail.com;AA
aa@gmail.com;AA
aa@gmail.com;AA
aa@gmail.com;AA
aa@gmail.com;AA
aa@gmail.com;AA
aa@gmail.com;AA
AA;aa@gmail.com
AA;ab@gmail.com
DD;abc@gmail.com
BB;abcd@gmail.com
ALISSON;alisson@gmail.com
LARA;lara@gmail.com
BRUNO;bruno@gmail.com
ALISSON LAMARQUE;alissonlmq@gmail.com
LARA FRAÇÃO DE ALMEIDA;larafracao@gmail.com
BRUNO ZIMMERMMAN;brunopolenz@gmail.com
aa@gmail.com;ALISSON
ALISSON;alisson@gmail.c
ALISSON;alisson@gmail.com
ALISSON;alisson@gmail.com
LARA FRAÇÃO;lara@email.com
BRUNO;bruno@hotmail.com
PEDRO;pedro@outlook.com
ALISSON;alisson@gmail.com
LARA;lara@gmail.com
ALISSON;alisson@gmail.com
ZEBRA;zebra@gmail.com
PAULO;paulo@gmail.com
ALISSON;alisson@gmail.com
ALISSON;alisson@gmail.com
LARA;lara@gmail.com
LORENZO;lorenzo@gmail.com
JOAO PEDRO;righi@gmail.com
ALISSON;alisson@gmail.com
LAURO;lauroa@gmail.com
FERNANDO;fernanda@gmail.com
LARA;lara@gmail.com
A;a@gmail.com
B;b@gmail.com
C;c@gmail.com
A;a@gmail.com
B;b@gmail.com
C;c@gmail.com
D;d@gmail.com
